TRKLEN,TRACK NAME,FROM_MEASURE,TO_MEASURE
465,J1,70475,70940
725,J1,84854,85579
540,J2,66400,66940
540,J1,58800,59340
846,J2,74044,74890
350,J1,58450,58800
600,J1,56900,57500
360,J2,54500,54860
178,J1,68596,68774
425,J2,55575,56000
724,J1,86295,87019
725,J2,84854,85579
225,J1,57775,58000
43,J1,53766,53816
1000,J2,60000,61000
1000,J2,61000,62000
109,J1,87423,87532
734,J2,81921,82655
734,J1,81187,81921
845,J1,73199,74044
600,J2,56900,57500
846,J1,66940,67786
330,J2,67620,67950
731,J1,83386,84117
177,J2,68419,68596
745,J1,78228,78973
610,J2,71670,72280
1000,J1,65000,66000
760,J2,70200,70960
210,J1,87018.25,87213
469,J2,67950,68419
746,J2,78973,79719
470,J2,69440,69910
193,J2,56400,56552
1000,J2,65000,66000
110,J1,53652,53766
660,J2,59340,60000
57,J1,56561,56650
710,J2,70960,71670
235,J2,58300,58535
468,J1,67950,68419
143,J2,56757,56900
210,J1,87213,87423
575,J2,58535,59110
919,J1,72280,73199
680,J2,66940,67620
925,J2,88402,89350
106,J1,88318,88401
435,J2,57500,57935
734,J1,81921,82655
684,J2,53816,54500
1000,J1,63000,64000
230,J2,59110,59340
460,J1,69440,69900
151,J2,50133,50274
737,J1,84117,84854
230,J2,52620,52850
745,J1,78973,79719
270,N1,71450,71720
159,N1,108120,108279
212,N2,69990,70202
1065,N2,109415,110480
201,N1,64583,64784
835,N2,84685,85520
629,N1,83221,83850
1054,N1,109415,110479
192,N1,56673,56865
362,N2,82200,82562
975,N2,95500,96475
633,N1,60300,60933
591,N2,53192,53783
410,N2,80550,80960
1050,N1,103140,104200
125,N1,64458,64583
1050,N2,103140,104200
694,N2,79856,80550
400,N2,75380,75780
303,N2,73477,73780
389,N2,105882,106271
977,N2,101184,102161
600,N2,65535,66135
120,N2,78011.5,78132
134,N1,100780.5,100915
135,N2,100781,100916
461,N2,66830,67291
658,N2,70202,70860
233,N2,65302,65535
819,N1,57970.42,58500
844,N1,50280,51124
805,N2,98255,99060
159,N1,109096,109255.5
390,N1,66440,66830
600,N2,72877,73477
850,N1,49430,50280
600,N2,107367,107967
357,N2,64583,64940
281,N2,52911,53192
259,N2,88971,89230
413,N2,71750,72163
979,N1,102161,103140
600,N1,68975,69575
140,N2,48975,49115
761,N1,76138,76511
500,N2,55050,55550
300,N2,87340,87640
190,N1,64784,64974
600,N2,74780,75380
203,N2,69575,69778
133,N2,56270.5,56404
0,N2,110480,110504.37
885,N2,62845,63730
134,N2,89632,89766
120,N1,78011.5,78132
825,N1,81375,82200
390,N2,66440,66830
119,N2,108120,108279
650,N2,82562,83212
160,N2,109096,109255.5
250,N2,54800,55050
600,N1,76511,77111
308,N2,52492,52800
700,N2,88272,88971
119,N2,108279,108438
851,N2,67291,68142
942,N2,91575,92517
212,N2,69778,69990
478,N1,80072,80550
128,N2,53911.5,54040
884,N2,85871,86755
779,N2,106271,107050
317,N2,107050,107367
1020,N1,94480,95500
425,N1,53460,53885
410,N1,80550,80960
714,N2,72163,72877
442,N2,61960,62402
582,N2,104200,104762
658,N2,108438,109096
654,N1,67487,68142
415,N2,80960,81375
390,N2,105492,105882
948,N1,92615.37,93460
569,N1,65288.52,65535
569,N1,64974,65296.6
948,N1,92519,92622.39
580,N1,64204.38,64333
580,N1,63720,64171.79
819,N1,57684,57972.9
790,N1,88971.35,89230
1027,N1,52150,53042.62
0,N2,49469.14,49675
300,L2,6228,6528
148,L2,5326,5474
246,L2,15546,15654.52
0,L1,5326,5474
675,L1,11645,12320
329,L1,24773.66,24890.49
1060,L1,13996.74,14080
700,L2,7100,7800
224,L2,15021,15245
515,L1,5675,6190
1085,L1,8758,9843
267,L2,10552,10819
715,L1,12320,13035
0,L1,5191.29,5326
960,L2,12320,13280
246,L2,24795.8,24965.86
800,L2,13280,14080
329,L1,15440,15654.52
251,L2,5474,5726
0,L2,5191.29,5326
572,L2,6528,7100
731,J2,82655,83386
365,J2,57935,58300
488,J1,53162,53652
600,J2,87532,88132
56,J1,88132,88188
731,J2,83386,84117
1060,L1,13035,14011.22
731,J1,82655,83386
658,J2,77570,78228
1005,J1,60995,62000
1080,L1,10740.83,11645
1080,L1,10552,10727.73
1205,L2,10329.87,10552
1205,L2,9379,10362.01
1000,J2,64000,65000
715,J2,54860,55575
742,L1,10322.27,10552
742,L1,9843,10355.4
944,L1,7399.69,7950
944,L1,7100,7493.59
745,J2,78228,78973
1336,J2,50274,51610
1044,J1,53816,54860
840,J2,75730,76570
405,J1,55495,55900
0,E2,68292,68330
95,L1,25532.78,25728.02
218,A2,4630,4712
234,L2,25566.03,25726.67
171,A1,4619,4712
318,F2,54600,54918
293,L1,25267.68,25532.78
366,B1,73649,73659.1
92,B2,17494.2,17687.4
0,N2,49115,49427.25
862,N1,85091.92,85556
862,N1,84713,85110.37
727,N1,79866.25,80072
727,N1,79325,79846.36
739,N1,72812.22,72877
739,N1,72163,72863.73
615,N1,70559.74,70826
615,N1,70202,70551
844,N1,68908,68975
901,N1,105866,106150
844,N1,68142,68919.31
901,N1,105260,105877.01
786,N1,99947.79,100646
786,N1,99847,99935.11
661,N1,67089.93,67487
661,N1,66830,67093.69
808,L1,7950,8758
502,L2,5726,6228
958,L2,7800,8758
941,L2,14080,15021
751,L2,10819,11570
910,L1,6190,7100
1360,L1,14080,15440
621,L2,8758,9379
200,L1,5474,5675
750,L2,11570,12320
369,L1,24890.49,25267.68
301,L2,15245,15546
235,N2,65067,65302
498,N2,104762,105260
1050,N1,58500,59550
400,N1,99060,99460
125,N2,64333,64458
121,N1,77891,78011.5
139,N1,89364,89498
0,N2,49675,50280
135,N2,100646,100781
568,N1,55550,56092.55
360,N1,93460,93820
134,N2,56137,56270.5
793,N2,99853,100646
915,N2,57585,58500
303,N1,73477,73780
502,N2,73780,74282
804,N2,97451,98255
139,N1,89230,89364
139,N1,89632,89766
863,N1,83850,84713
159,N2,109255.5,109415
976,N2,96475,97451
906,N2,90669,91575
134,N2,89498,89632
500,N1,104200,104700
500,N1,61450,61950
232,N2,105260,105492
360,N2,93460,93820
233,N1,77111,77344
602,N1,78132,78734
135,N1,100915,101049.5
150,N1,54035,54185
1026,N1,51124,52150
300,N1,87340,87640
139,N1,56405,56539
203,N1,69575,69778
127,N2,64940,65067
317,N1,107050,107367
900,N2,58500,59400
790,N1,74390,75180
470,N1,71720,72190
371,N2,68142,68513
129,N2,53783,53911.5
134,N2,100916,101050
976,N1,96475,97451
975,N1,95500,96475
600,N2,68975,69575
410,N1,57274,57684
159,N1,108279,108438
134,N2,56538.5,56673
443,N2,62402,62845
160,N1,109255.5,109415
692,N2,60300,60992
305,N2,66135,66440
387,N1,99460,99847
396,N1,89766,90162
150,N1,53885,54035
280,N2,61680,61960
415,N1,53045,53460
600,N2,76511,77111
900,N2,59400,60300
139,N1,56539,56673
517,N1,60933,61450
486,N2,52006,52492
900,N1,106150,107050
231,N2,77660,77891
706,N1,90162,90868
135,N2,56404,56538.5
600,N1,107367,107967
305,N1,66135,66440
1021,N1,82200,83221
153,N1,107967,108120
835,N2,83850,84685
121,N2,77891,78011.5
903,N2,89766,90669
134,N1,101049.5,101184
760,N2,54040,54800
731,N2,75780,76511
944,N1,91575,92519
943,N2,92517,93460
125,N2,64458,64583
300,N2,71450,71750
610,N1,73780,74390
139,N1,89498,89632
585,N2,86755,87340
979,N2,102161,103140
603,N2,63730,64333
140,N1,49107.91,49272
531,N2,79325,79856
789,N1,87640,88429
600,N1,65535,66135
134,N2,101050,101184
669,N1,63051,63720
660,N2,93820,94480
568,N1,56111.5,56137
795,N2,51211,52006
1027,N1,52910.66,53045
790,N1,88429,88960.25
250,B2,14673,14923
197,B2,12978,13175
195,B2,13491,13686
247,B2,11406,11605
506,B2,11820,12324
596,J2,52024,52620
350,B2,11001,11406
656,B2,12324,12978
215,B2,11605,11820
320,B2,13175,13491
980,B2,13686,14673
468,J1,56125,56561
580,B1,11645,12233
107,B1,12233,12328
366,B1,73282,73649
362,B1,14443,14805
450,J1,58000,58450
840,J1,75730,76570
716,J2,85579,86295
737,J2,84117,84854
1336,J1,50274,51610
600,J2,68840,69440
708,J2,86295,87003
109,J2,87423,87532
910,J1,88401,89334.5
845,J2,73199,74044
906,B1,13126,14031
120,B1,73153,73282
202,B2,71659,71860
609,B1,14805,15414
197,B1,12328,12525
55,B2,71861,71915
204,B1,12920,13126
412,B1,14031,14443
600,B1,71915,72515
399,B1,12525,12920
248,B1,72515,72794
200,B1,11444,11645
494,B1,10950,11444
213,A2,94780,94993.4
1193,G2,64116,65330
1028,G1,64292,65330
91,A2,3609,3661
0,N1,110479,110502.83
320,F1,54599,54919
600,D1,59350,59950
0,N1,48818.26,49107.91
91,A2,3661,3752
841,C1,62888,63729.5
0,E1,68288,68320
271,A1,5413,5630
604,L2,24965.86,25566.03
146,A2,5415,5485
107,J1,56650,56757
58,G2,54981,55040
557,G1,43421,43978
600,G2,62296,62896
365,G1,60650,61015
832,G1,28526,29360
660,F1,36331,36990
209,K1,77426,77635
590,F2,35770,36351
345,F1,31215,31560
128,K1,21590,21718
104,F1,4375,4474
143,K1,28873,29016
1493,K1,54779,56272
151,K1,48944,49095
205,K1,29381,29586
409,K1,18117,18526
600,K1,77688,78288
116,K1,14694,14810
329,K1,50530,50852
980,K1,31891,32871
146,K1,78288,78433
54,K1,24727,24781
887,K1,60243,61130
587,A2,40000,40587
52,A2,94128,94180
629,A2,70434,71063
569,A2,81073,81642
224,A2,3383,3609
1098,A2,34090,35188
896,A2,23804,24700
590,A2,64750,65340
555,A2,78330,78885
177,A2,30525,30702
413,A2,38385,38798
140,A2,20460,20600
735,A2,26580,27315
702,A2,23102,23804
513,A2,61922,62435
381,A2,1005,1386
475,A2,28670,29145
288,A2,19102,19390
590,A2,74990,75580
645,A2,54500,55145
630,A2,7980.12,8640
757,A2,41206,41963
103,A2,56958,57085
426,A2,91808,92234
278,A2,2866,3144
234,D1,4257,4491
68,D2,8352,8420
1089,A1,67185,67814.21
259,A2,58038,58312
1176,A1,54273.41,54800
1053,A1,52579,53530.82
813,A1,11217.67,11647
756,D1,55312,56068
209,D1,5786,5996
1004,D1,38394,38757.73
336,D1,53193,53529
515,D1,39935,40450
382,D1,49700,50082
173,D1,30075,30248
637,D1,19909,20546
450,D1,43300,43750
485,D2,34828,35310
91,D1,27196,27287
188,D1,32757,32945
890,D1,45100,45990
116,D2,27088,27196
171,D1,1072,1243
146,D1,30248,30394
264,D2,38130,38394
500,D1,37200,37700
267,D1,52549,52816
91,D1,28050,28141
132,D2,14470,14602
484,D1,17396,17880
289,D1,29786,30075
138,C1,25645,25774
744,A1,83245.45,83439
115,D1,27111,27196
500,C2,44575,45075
50,C1,29670,29720
190,D1,58942,59132
771,D1,53529,54300
152,D1,14166,14318
199,D2,32996,33195
589,D1,22582,23171
344,D1,10050,10394
370,D2,2647,3017
902,D1,28658,29560
450,D1,56068,56518
600,D2,36233,36833
366,D1,32945,33311
324,D2,30698,31022
600,D1,10804,11404
256,D2,5107,5363
149,D1,28377,28526
153,D1,30394,30547
218,D1,59132,59350
202,D2,52557,52759
449,D1,5337,5786
174,D2,3017,3191
662,D1,34318,34980
341,D2,32170,32511
305,D1,3952,4257
152,D2,3191,3324.02
766,D1,44334,45100
183,D2,10467,10650
1118,B1,23353,24471
1142,B1,49858,51000
383,B2,62200,62582
400,B2,61800,62200
380,B1,29170,29550
126.5,B1,8841,8967.5
540,B1,70560,71100
119,B1,43906,44025
735,B2,4165,4593.79
630,B1,35414,36062
443,B1,38211,38654
182,B1,45895,46077
647,B1,63753,64400
291,B2,2624,2814.69
1260,B1,59500,60760
336,B1,43570,43906
396,B2,73284,73680.18
242,B1,63511,63753
228,B2,7701,7900
231,B1,42989,43220
126,B2,8720,8846
55,B1,71861,71915
676,B2,46077,46166.7
515,A2,63030,63545
600,A2,3835,4435
600,A2,80025,80625
916,A2,31550,32466
618,A2,21458,22076
873,A2,60650,61523
453,A1,78700,79153
1289,A1,46671,47960
88,A1,56872,56960
171,A1,19390,19560
600,A1,0,300
600,K1,40904,41504
153,K1,23212,23365
517,K1,41930,42447
117,K1,26686,26803
204,K1,24092,24296
100,K1,22158,22258
358,B1,36062,36420
600,B1,20473,21073
139,B2,56204,56223.81
240,B1,54970,55210
486,B1,42503,42989
741,B1,66866,67607
823,B1,31993,32816
716,B2,69041,69757
142,B1,17362,17494
236,B2,63277,63511
822,B1,31171,31993
350,B1,43220,43570
291,B2,2802.04,2912
347,B2,22825.49,23069
89,B1,35325,35414
888,B1,40006,40894
565,B2,64820,65385
350,B1,52800,53150
120,B1,72794,72909
676,B2,46174.8,46761
120,B1,72909,73025
192,B2,8258,8450
311,B2,15747.87,15920
271,B2,8450,8720
243,B1,2802.04,2912
515,A2,78885,79400
177,A2,30702,30879
518,A2,20600,21118
52,A2,70040,70092
406,A2,7646,8022.49
619,A2,40587,41206
400,A2,6140,6540
792,A2,85228,86020
820,A2,73350,74170
454,A2,52579,53033
269,A2,5871,6140
596,A2,84632,85228
400,A2,12400,12800
894,A2,87912,88806
647,A2,71063,71710
81,A2,3752,3835
171,A2,19390,19560
625,A2,79400,80025
820,A2,72530,73350
194,A1,1250,1444
1176,A1,53626,54275.29
113,A1,38798,38839.54
455,A1,43198,43451.1
259,A1,58053,58075
600,A2,29815,30415
128,A2,19732,19860
600,A2,56272,56872
660,A2,93040,93700
466,A2,43106,43572
281,A2,15443,15724
540,A2,68161,68701
1330,A1,9500,9754.43
790,A1,22031.14,22076
256,A1,80625,80690
342,A1,54800,55119.86
58,G1,54981,55040
371,G1,35389,35760
201,G2,46644,46845
409,G1,54225,54560
360,G1,33337,33697
357,G2,35529,35886
650,G1,59760,60410
103,A2,57883,57964
600,A2,44430,45030
414,A2,300,714
652,A2,18055,18707
1062,A2,76643,77705
171,A1,19560,19732
1325,A1,65860,67185
623,A1,12734.76,12800
438,A2,80625,80690
703,A1,47960,48000.52
1266,A1,49800,49881.39
564,A1,40333.16,40580
103,A2,57964,58053
491,A2,11217.67,11322
1089,A1,67824.28,68285
440,A1,8842.16,9076
491,A2,10833,11219.62
503,A1,56177.33,56272
825,C2,9757,10582
53,K1,77635,77688
870,K1,37989,38859
112,K2,22046,22158
560,C1,47896,48456
139,K2,50841,50981
600,C1,62288,62888
290,C1,37348,37638
117,C1,25538.92,25645
600,C1,29070,29670
92,C1,18678,18770
424,C1,33909,34333
768,C1,8163,8931
1157,C1,42888,44045
63,C1,36184,36247
124,C1,2650,2769
236,C1,560,796
59,C1,25774,25833
165,C1,57443,57608
608,C1,49777,50385
765,C1,51170,51935
407,C1,61250,61657
310,C1,26729,27039
290,C2,32266,32556
200,C1,30558,30758
265,C1,19429,19692
240,C1,45610,45850
59,C2,26433,26492
267,C1,7417,7684
50,C2,25634,25773
232,B1,25804,26036
144,B1,45739,45895
277,B1,44508,44785
510,B1,21220,21730
277,B1,44231,44508
255,B1,9902,10157
130,B2,73154,73284
92,B1,17596,17687
600,B1,62582,63182
420,B1,53600,54020
456,B1,48844,49300
600,B1,10157,10757
347,B2,22755,22858.71
195,B1,53150,53345
144,B1,26036,26180
246,B2,36820,37054.91
90,B1,35044,35134
355,B1,71100,71402.95
749,B2,65908.33,66125
715,B1,40894,41609
741,B1,66125,66866
175,B1,37436,37611
500,B1,7753,7873.78
803,B2,69757,70560
656,B1,22825.49,23353
435,B1,26180,26615
438,B1,16924,17362
130,B1,73025,73153
226,A2,7420,7646
280,A2,26300,26580
1240,A2,89226,90466
399,A2,61523,61922
640,A2,14000,14640
1125,A2,58825,59950
1270,A2,9563,10833
337,A2,28333,28670
516,A2,37869,38385
522,A2,45310,45832
104,E1,27436,27549
662,E2,60838,61500
1009,E2,63950,64949.64
59,D1,59950,60009
152,D1,8572,8724
205,D1,42871,43076
337,D1,12329,12666
600,D1,20546,21146
59,D1,14107,14166
91,D1,27959,28050
599,E1,10541,11140
635,E2,38850,39485
293,E1,13087,13380
438,E2,33712,34150
167,E1,2442,2608
300,E1,54200,54500
166,E2,7522,7688
1120,E1,55550,56660
520,E1,11140,11660
598,E2,53822,54420
600,E2,53222,53822
890,E2,26600,27490
214,A2,93914,94128
55,E1,66147,66200
774,E2,64949.64,65723
459,E1,12028,12487
60,E1,28640,28699
550,E2,58900,59450
680,E1,14978,15668
193,E2,26407,26600
255,D1,52294,52549
770,F1,6910,7680
613,D2,47030,47643
121,D1,28141,28262
600,D2,0,375
154,E2,28358,28484
154,E2,28330,28356.9
505,E2,25734,25797
505,E2,25300,25731.96
369,E2,24810.15,24934
369,E2,25085.2,25300
369,E2,24934,25091.62
523,E1,24810.15,24934
523,E1,24182,24576.71
1180,E2,22597.37,22685
1180,E2,21518,22610.51
208,E1,16950,17098
208,E1,16865,16927.12
208,E2,16867,16927.12
352,E2,16384.61,16657
352,E2,16305,16385.53
685,E2,14718.7,14996
685,E2,14330,14753.06
421,E2,10691.53,10960
421,E2,10537,10689.62
341,E2,9863.32,9991
341,E2,9707,9919.6
166,E2,7366.53,7522
166,E2,7296,7308.46
152,D2,14166,14318
229,D2,35865,36094
277,D2,50718,50995
88,D2,42866,42959
67,D2,42629,42704
424,D2,41605,42029
87,D2,42784,42866
530,F2,45570,46100
395,F1,39365,39756
370,F1,32480,32850
420,F2,29320,29752
104,F2,4265,4375
600,F2,12059,12659
415,F1,46730,47144
201,F2,53659.5,53860
319,F2,2906,3225
346,F1,12659,13005
440,F1,2175,2615
829,F2,50421,51250
545,F2,34880,35425
885,F2,32515,33402
52,F1,4474,4526
530,F2,38540,39070
580,F1,35750,36331
287,F2,43540,43827
630,F2,46100,46730
148,F1,5177,5326
575,F1,10140,10715
830,F2,51250,52077
988,A2,47670,48658
476,A2,11322,11798
338,A2,4712,5050
600,A2,63545,64145
424,A2,67185,67609
240,A2,5631,5871
1342,A2,90466,91808
513,A2,58312,58825
820,A2,71710,72530
600,A2,12800,13400
1125,A2,65340,66465
395,A2,27315,27710
363,A2,5050,5415
493,A2,45832,46325
824,A1,88806,89630
830,A2,51080,51910
562,A2,81642,82204
1097,A2,35188,36285
842,A2,1386,2228
597,A2,24700,25297
505,A2,29145,29650
595,A2,62435,63030
352,A1,5061,5413
103,A2,57085,57166
734,A2,41963,42697
270,A1,16270,16540
171,A2,44207,44378
600,A2,16540,17140
171,A1,44036,44207
600,G2,55040,55640
1240,E1,31360,32600
902,G2,30280,31182
410,G1,44450,44860
600,G1,55040,55640
111,E2,41224.92,41320
240,E2,18070,18310
630,E1,56660,57300
336,E1,42200,42536
604,E2,5816,6420
360,E2,18800,19160
212,G2,54575.3,54770
395,G2,42863,43258
457,G1,63430,63887
680,G1,32657,33337
273,G2,48585,48858
900,G1,58860,59760
55,G2,62238,62296
410,G1,56410,56820
260,G1,55640,55900
163,G2,42320,42483
240,G1,60410,60650
400,G2,53360,53760
610,G2,48858,49468
900,K1,35692.98,36219
112,K1,22062.83,22158
398,K1,15811,16038.89
797,K1,69296.39,70088
376,K1,54759.16,54779
830,K1,32871,32883.3
909,K1,46485,47284.96
600,K1,19650,20223
464,K1,64451.16,64524
51,K1,79684,79696.91
133,K1,51775.25,51843
1266,K1,42978,43508.86
224,K1,26031,26058.14
398,K1,15966.34,16136
364,K1,76848,77148.3
903,K1,61130,61234.83
682,C2,1652.12,1692
237,C1,28780.24,28813
1219,C1,23710.39,24010
495,C2,47275,47726.52
151,C2,57141,57155.34
154,C1,61657,61883.04
750,C1,16308.63,17055
1374,C2,42369.04,42480
580,C1,55708.73,55775
820,E2,62180,63000
737,E1,18965,19702
464,K1,64062,64453.02
553,F1,32959.61,33402
1399,F1,27410,28041.01
1186,F2,48100,48535
697,F2,20385.87,21050
1132,F1,22243,23295
356,F1,46157,46188.86
1013,F1,14533,14664.76
843,F1,40581.11,40950
833,F1,51788.44,52077
405,F1,6617.55,6910
125,F1,30490,30494.52
726,F2,34149,34816.02
1382,F1,47981.5,48533
630,F1,21051,21685
224,F1,44641,44793.31
1500,F2,14467,14598
263,G1,39412,39675
910,G1,57250,58160
625,K1,78433,79058
168,K1,21718,21886
382,K2,28634,29016
547,K1,16483,17030
298,K1,19155,19453
797,K1,70088,70885
0,K1,14602.29,14694
247,K1,27026,27273
590,K2,17030,17620
264,K2,64260,64524
754,K2,56821,57575
185,K1,21246,21430
1000,E1,46200,47200
177,E2,52986,53154
701,E1,28699,29400
550,E1,58900,59450
60,E1,53161,53222
600,E1,42890,43490
241,F1,37040.97,37215
836,F1,50761.67,51250
863,F1,34011,34414.8
1132,F1,23309.4,23390
1399,F1,28061.56,28830
836,F1,50422,50768.84
300,F1,20385,20419.82
356,F1,46182.74,46500
1013,F1,14588.48,15470
726,F2,34820,34880
746,F1,42787,43268.73
293,F1,29822,30108.77
204,F1,8475,8532.87
553,F1,32850,32962.94
735,F1,26545.25,26780
1186,F2,47315,48066.17
697,F2,20385,20417.96
630,F1,21051,21685
224,F1,44779.49,44850
1500,F2,14588.48,15957
600,C2,6817,7417
894,C2,15415,16309
237,C2,34433,34670
91,C2,28813,28905
1138,D2,29560,30698
157,D2,38394,38551
215,D2,52759,52974
233,D2,801,1034
262,D2,10205,10467
351,D2,8925,9276
600,D2,31570,32170
600,D2,3352,3952
174,D2,41431,41605
1098,D2,54214,55312
115,D2,2359,2464
290,D2,11856,12146
269,D2,32511,32780
752,D2,44334,45086
306,D2,6789,7090
185,D2,375,563
190,D2,58745,58942
1058,D2,23942,25000
319,D2,12863,13182
398,D2,33802,34200
614,D2,47643,48257
158,D2,7469,7627
0,D2,60009,60858
91,D2,27196,27257
206,D2,3952,4158
59,A1,4435,4494
525,A1,14415,14940
700,A1,59950,60650
297,A1,81352,81649
1230,A1,72120,73350
185,A1,847,1032
1193,A2,83439,84632
568,A2,37301,37869
600,A2,25700,26300
600,A2,94180,94780
312,A1,24320,24632
904,A1,32466,33370
92,A2,7237,7329
705,A1,45265,45970
349,A1,3486,3835
424,A1,9076,9500
600,A2,0,300
126,A2,39507,39633
465,A2,55145,55610
368,A2,27965,28333
923,A2,8640,9563
670,A2,30879,31550
218,A1,1032,1250
153,E1,28486,28640
940,E2,39960,40900
1000,E1,29400,30400
525,E1,38325,38850
550,E2,37200,37750
928,E1,50264,51200
368,E1,11660,12028
276,E2,304,580
627,E2,56660,57300
407,E1,6240,6647
424,E1,5816,6240
550,E1,44400,44950
662,E1,60838,61500
988,E1,19702,20690
635,E1,38850,39485
104,E1,27549,27646
547,E1,51200,51747
600,E1,2689,3289
685,E1,27646,28331
600,E1,5216,5816
600,E2,14996,15580
828,E1,20690,21518
492,E1,21518,22010
101,E1,3486,3587
1512,E2,22685,24197
446,E1,54500,54946
521,G1,48056,48577
292,G1,40151,40443
198,G1,63887,64086
967,G1,38445,39412
778,G1,37667,38445
700,G1,58160,58860
447,G1,48577,49024
1159,G1,35760,36919
690,G2,51360,52050
476,G1,39675,40151
212,G1,62032,62240
536,G2,37909,38445
276,G1,47780,48056
201,G2,46442,46644
209,G2,54350,54559
430,G1,56820,57250
405,G2,44455,44860
664,G2,38445,39109
245,G1,47535,47780
533,G2,62896,63430
355,G2,47838,48193
232,G2,55640,55872
600,G1,33941,34541
654,G2,61152,61805
94,G1,64184,64292
151,G1,28267.96,28377
495,G2,56385,56880
583,G2,45860,46442
755,G1,52160,52915
211,G1,54770,54981
164,J1,67786,67950
1000,J2,62995,64000
730,J1,70940,71670
81,J2,53652,53733
995,J1,60000,60995
734,J2,79719,80453
919,J2,72280,73199
575,J1,69900,70475
50,J2,88189,88318
734,J1,79719,80453
143,J1,56757,56900
106,J2,88318,88402
734,J2,81187,81921
177,J1,68419,68596
840,J2,74890,75730
600,J1,68840,69440
83,J2,53733,53816
275,J1,57500,57775
840,J1,74890,75730
210,J2,87213,87423
82,J2,56650,56757
1349,K1,62031,63380
279,K2,28355,28634
600,K2,64524,65124
354,K2,21078,21432
191,K1,22909,23100
203,C2,62038,62236
211,C2,15020,15231
600,C2,59500,60100
232,C1,25002,25234
265,C2,18056,18321
362,C2,7417,7779
256,C2,46450,46706
359,C2,4651,5010
48,C2,14475,14523
579,C2,40511,41090
124,C2,2650,2768
217,C2,30216,30433
419,C2,60925,61344
300,C2,25149,25449
180,C2,27759,27939
252,C2,17552,17804
196,C1,30362,30558
171,C1,51935,52112
331,C1,15940,16271
150,C2,25449,25515.49
151,C1,57153,57166.87
548,C1,9436.5,9481
295,C1,18532.8,18586
959,C1,41501,42349.5
185,C1,56375,56441.55
320,C1,5823.91,5853
586,C1,38532.96,38723
1328,C1,49604.45,49777
682,C2,1007,1648.89
237,C1,28557,28760.31
444,C2,31617.72,31721
310,E2,1965,2275
590,E1,8600,9190
600,E1,17225,17825
584,E1,1116,1700
638,E2,60200,60838
600,E1,36215,36815
760,E1,57300,58060
565,E1,43835,44400
708,E1,6647,7355
750,E1,59450,60200
418,E2,41431,41850
494,E1,17825,18320
101,E1,4469,4569
209,E1,16655,16865
935,E1,36815,37750
410,E1,34150,34560
662,E1,49610,50264
645,E1,18320,18965
296,E1,3587,3883
312,E2,19390,19702
575,E1,37750,38325
600,E1,12487,13087
546,E2,9991,10537
96,E1,3289,3372
540,E1,13800,14340
638,E1,60200,60838
80,E2,2608,2689
310,E1,66984,67300
735,F1,26050,26550.29
300,F1,20385.87,20650
746,F1,43273.08,43540
1382,F1,47144,47973.5
833,F1,16970,17301.11
241,F1,36990,37057.38
293,F1,30159.95,30162
204,F1,8586.42,8733
863,F1,34418.18,34870
403,K2,15563,15966
131,K2,24650,24781
1111,K1,59132,60243
186,K2,26052,26238
0,K1,80355.19,80425.25
600,K1,24781,25381
435,K2,63265,63700
626,K2,38858,39485
679,K2,53405,54084
1275,K2,72465,73740
917,K1,74304,75221
682,K1,63380,64062
896,K2,35326,36222
51,K2,22258,22309
112,K1,23100,23212
146,K2,23389,23535
358,K2,75800,76158
900,K1,36219,37119
223,K1,26803,27026
520,K1,20223,20743
675,K2,54084,54759
503,K1,20743,21246
163,K2,23535,23698
600,K1,27755,28355
177,K1,40219,40396
94,K2,14661,14753
182,K2,25381,25563
943,K2,41504,42447
1219,C1,22790,23708.68
428,C1,58340.36,58595
750,C1,16271,16274.94
1374,C2,41090,42353.24
616,C1,53294,53550
178,C1,1652.12,1789
631,C1,47717.4,47896
316,C2,56435,56686
159,C2,6430.39,6600
275,C1,35293.09,35302
508,C1,31623.4,31721
348,C1,20519,20699.76
150,C2,25538.92,25634
151,C1,57155.34,57303
180,C1,13790.55,13875
959,C1,42369.41,42480
185,C1,56435,56555
159,C1,6430.39,6452.77
971,C1,40511,40895.75
450,C2,52930,53290.65
600,J1,87532,88132
210,J2,87003,87213
66,J2,68774,68840
225,J1,55900,56125
400,J2,56000,56400
290,J2,69910,70200
50,J1,88188,88318
800,J2,52850,53652
635,J1,54860,55495
610,J1,71670,72280
82,J2,56552,56650
1000,J1,64000,65000
1000,J2,62000,62995
716,J1,85579,86295
400,J2,66000,66400
734,J1,80453,81187
151,J1,50123,50274
734,J2,80453,81187
660,J1,59340,60000
414,J2,51610,52024
66,J1,68774,68840
178,J2,68596,68774
846,J1,74044,74890
57,J2,88132,88189
1005,J2,76570,76605.65
0,J2,50035.6,50133
990,J1,62000,62956.29
640,J1,78141.49,78228
1006,J1,76570,76594.09
1565,J1,51892.18,53162
900,K1,35326,35699.13
909,K1,47290.56,47400
112,K1,22046,22061.34
797,K1,69296,69301.22
932,N2,50280,51211
590,N2,70860,71450
462,N2,68513,68975
632,N2,87640,88272
549,N2,77111,77660
1565,J1,51610,51905.55
351,N2,85520,85871
400,N2,99060,99460
587,N2,55550,56137
415,N1,80960,81375
825,N2,81375,82200
560,N1,104700,105260
595,N2,78730,79325
912,N2,56673,57585
423,N1,61950,62373
153,N2,107967,108120
139,N1,56137,56271
804,N1,97451,98255
358,N1,75780,76138
1028,N1,85556,86585
750,N1,59550,60300
977,N1,101184,102161
231,N1,77660,77891
393,N2,99460,99853
678,N1,62373,63051
660,N1,93820,94480
316,N1,77344,77660
600,N1,72877,73477
755,N1,86585,87340
1020,N2,94480,95500
158,N1,49272,49430
409,N1,56865,57274
624,N1,70826,71450
615,N1,54185,54800
707,N1,90868,91575
688,N2,60992,61680
591,N1,78734,79325
125,N1,64333,64458
0,N2,48818.26,48975
212,N1,69778,69990
250,N1,54800,55050
500,N1,55050,55550
134,N2,89230,89364
498,N2,74282,74780
111,N2,52800,52911
600,N1,75180,75780
805,N1,98255,99060
134,N2,89364,89498
135,N1,100646,100780.5
139,N1,56271,56405
212,N1,69990,70202
598,N2,78132,78730
638,N2,83212,83850
658,N1,108438,109096
946,J1,66000,66138.12
1005,J2,76600,77570
0,J1,50034.93,50123
210,J1,87019,87034.57
1006,J1,76588.45,77570
990,J1,62965.64,63000
946,J1,66132.32,66940
640,J1,77570,78123.68
364,K1,77152.08,77216
133,K1,51685,51750.06
968,F2,40682,41650
201,F1,53659.5,53860
833,F1,17297.58,17800
724,K2,51118,51843
525,K2,65124,65649
151,K2,48793,48944
870,K1,37119,37989
1070,K1,47400,48470
790,K1,70885,71675
1177,K1,67373,68550
501,K1,65649,66150
348,K2,19162,19510
330,K2,18543,18873
217,K1,25814,26031
860,K1,56821,57681
150,K2,50220,50374
427,K2,49095,49522
129,K2,27388,27516
566,K1,51118,51685
490,F2,8010,8500
710,K1,76138,76848
278,K1,14810,15088
150,K1,50374,50530
558,K1,66150,66708
856,K2,59387,60243
298,K2,26530,26828
1070,K2,46485,47555
600,K1,58532,59132
790,K1,71675,72465
571,K2,76645,77216
626,K1,79058,79684
405,K1,49095,49500
131,C2,35806,35937
63,C2,36184,36247
102,C2,2953,3055
266,C2,18321,18586
295,C1,6163,6430.39
505,C2,50385,50890
600,C2,13875,14475
265,C2,14753,15020
189,C2,30433,30622
997,C2,22443,23440
63,C2,36847,36910
59,C2,18770,18829
308,C2,51305,51613
102,C2,19429,19531
59,C2,6757,6817
261,C1,1789,2050
203,C2,61828,62038
358,C2,1692,2050
268,C2,33738,34006
841,C2,62888,63753.5
225,C2,59275,59500
651,C2,21792,22443
81,C2,33057,33138
991,C2,16309,17290
369,C2,57443,57812
294,C2,32556,32850
680,E2,10960,11640
450,E2,41850,42300
600,E2,25797,26407
600,E2,0,304
258,C2,20055,20313
291,C2,37460,37752
421,C2,27190,27611
222,C2,34006,34228
740,C2,20313,21053
965,C2,48456,49421
685,D2,53528.88,53533.95
1011,D2,48288.65,49270
1011,D2,48257,48286.14
890,D1,38757.73,39111.04
890,D1,38757.73,39935
1332,D2,38757.73,39947
1332,D2,38757.73,39118.63
425,D2,38551,38757.73
314,D2,31278.46,31309
314,D2,31022,31305.15
324,D1,31278.46,31329
324,D1,31048,31321.75
1240,E2,31360,32600
950,E2,63000,63950
600,E2,7772,8372
510,E2,49100,49610
60,E2,53154,53222
244,E2,17825,18070
345,E2,43490,43835
345,F2,31215,31560
942,F2,39739,40682
610,F1,2615,3225
239,F1,295.83,535
744,F1,52700,53420.1
410,F2,36351,36770
803,K2,62031,62834
681,K2,37119,37800
600,K2,22309,22909
549,K1,56272,56821
110,K1,52730,52839
564,K2,73740,74304
216,K1,25598,25814
137,K1,23955,24092
175,K2,52443,52618
206,K2,23183,23389
160,K1,21886,22046
108,K1,27646,27755
817,K1,34509,35326
449,K1,17668,18117
724,K2,31167,31891
633,K2,29470,30103
150,K2,50374,50530
219,K1,26249,26468
274,K2,22909,23183
185,K2,21610,21795
843,F1,40123,40593.63
833,F1,51250,52077
405,F1,6511,6623.21
125,F2,30492,30494.52
560,K2,63700,64260
185,F2,2175,2360
600,F2,4526,5126
546,F2,2360,2906
52,F2,5126,5175
585,F2,46730,47315
170,F1,32310,32480
897,K2,36222,37119
151,K1,48793,48944
600,K1,22309,22909
209,K2,77426,77635
177,K2,40396,40573
202,K2,23698,23900
156,K1,19453,19609
919,K1,73385,74304
178,K2,21432,21610
616,K2,79739,80355.19
126,K2,24524,24650
0,K2,80355.19,80425.25
626,K2,78437,79062
125,K1,29016,29141
129,K1,27405,27516
431,K2,62834,63265
724,K1,49500,50220
564,K1,39655,40219
331,K2,40573,40904
173,K1,23365,23538
218,K1,26468,26686
365,C2,53700,54065
87,C2,59160,59275
135,C2,37022,37156
91,C2,18586,18678
453,C2,24010,24463
600,C1,25833,26433
697,C2,12095,12792
151,C1,57303,57443
344,C2,13148,13492
95,C2,5533,5628
600,C2,45850,46450
185,C2,469,654
245,C1,17055,17300
184,C2,27939,28123
271,C2,3631,3902
292,C2,35253,35545
87.5,C2,59100,59160
998,C1,21792,22790
149,C2,3902,4051
266,C2,19789,20055
461,C2,54961,55422
171,C2,51935,52112
94,C2,14661,14753
600,C2,55775,56375
73,C2,28996,29070
247,C2,28567,28813
525,E2,24197,24594.12
325,E2,1640,1965
695,C2,47761,48456
280,C2,26492,26772
344,C1,4881,5225
275,C2,60650,60925
600,C2,36247,36847
180,C1,29918,30098
600,E2,29400,30000
205,E2,11640,11845
393,E2,4569,4963
660,E2,34560,35220
190,E1,66800,66984
1168,E2,20350,21518
507,E1,25300,25807
140,E2,18310,18450
1004,E1,63950,64950
210,E1,65933,66147
301,E2,13087,13388
686,E1,9855,10541
111,E1,41320,41433
600,E1,53222,53822
393,E1,26407,26800
210,E1,65723,65933
665,E1,9190,9855
414,E1,41433,41850
600,E1,25807,26407
774,E1,64950,65723
111,E1,41200,41320
148,C2,27611,27759
530,C2,44045,44575
111,D2,42959,43070
88,D2,42704,42784
1113,D1,26932,27111
1113,D1,26000,26963.95
1051,D2,26932,27088
195,D2,5519,5680.7
152,D2,3333.42,3352
1051,D2,26078,26981.06
683,D1,23920,24247
683,D1,23555,23911.44
359,D2,23920,23942
359,D2,23555,23911.44
611,D2,22103.27,22160
611,D2,21573,22127.14
508,D2,20241.85,20300
508,D2,19792,20192.95
302,D2,18000,18020.32
302,D2,18037.15,18318
610,D2,16739.45,16796
610,D2,16167,16721.04
356,D2,13356,13507
356,D2,13182,13387.08
349,D2,12268.75,12507
349,D2,12146,12256.76
131,D2,7686.65,7752
131,D2,7627,7692.3
186,D2,7090,7150.66
195,D2,5725.37,5759
390,F1,41650,42040
92,D2,2464.84,2556
92,D2,2464,2474.89
448,F1,38917,39365
635,F2,21050,21685
603,F2,7350,8010
169,F1,11833,11999
600,F1,12059,12659
325,F1,35390,35750
178,F2,30342,30492
500,F2,24570,25070
560,F2,5795,6355
467,F1,11195,11662
111,F2,37815,37926
400,F1,20650,21051
52,F1,5126,5177
600,F2,18234,18834
600,F1,25070,25670
158,F2,1417,1575
169,F2,11662,11833
460,F1,33553,34011
600,F1,37215,37815
600,F2,37215,37815
600,F2,1575,2175
150,F1,33402,33553
941,F2,49480,50421
376,F2,3504,3880
350,F2,41650,41999
600,F2,8733,9333
345,F2,35425,35770
475,F1,3790,4264
170,C2,5363,5533
600,C2,33138,33738
151,C2,57303,57443
244,C2,225,469
600,C2,62288,62888
91,C1,28905,28996
174,C2,61655,61828
138,C2,14523,14661
310,C2,54065,54375
250,C2,32016,32266
278,C1,15415,15693
193,C2,13682,13875
600,C2,25833,26433
262,C2,28305,28567
92,C2,28905,28996
826,C2,8931,9757
1496,K2,74304,75800
600,K1,64524,65124
600,C2,2050,2650
304,C2,37156,37460
135,C2,35937,36072
258,C2,19531,19789
171,C1,52112,52278
311,C2,61344,61655
570,C2,23440,24010
252,C2,17290,17552
92,C2,18678,18770
971,C2,37752,38723
252,C2,17804,18056
739,C2,21053,21792
600,C2,52330,52930
210,E2,65933,66144
700,E2,32600,33300
365,E2,43835,44200
424,E2,3587,4011
55,E2,66144,66200
101,E2,3385,3486
59,F2,11999,12059
125,F1,30465,30615
472,F2,11190,11662
600,F1,18234,18834
294,F2,17940,18234
104,F1,4264,4375
655,F1,48533,49190
201,F2,53456,53659.5
610,F2,10105,10715
740,F1,43540,44282
175,F1,18888.71,19061
210,F1,32100,32310
230,F1,46500,46730
890,F2,27410,28299
104,F2,4375,4474
600,F1,53999,54599
240,F1,1335,1575
130,F2,43410,43540
414,F2,29752,30162
367,F2,43827,44193
667,F2,13800,14467
415,F2,26995,27410
175,F1,19061,19238.8
520,F1,13490,14010
750,E2,59450,60200
271,E2,40900,41171
487,E2,6810,7296
956,E2,55700,56660
357,E2,4011,4368
515,F1,29305,29822
750,F1,42040,42787
402,F1,9333,9736
271,F2,295,567
470,F2,31560,32030
463,F2,567,1030
455,F1,535,990
600,F1,1575,2175
445,F2,36770,37215
656,F2,44193,44850
598,F2,16965,17565
850,F2,52077,52927
600,F2,0,295
203,F1,38129,38332
485,F2,42925,43410
600,F2,44850,45450
208,F2,38332,38540
523,F1,14010,14533
385,F2,3880,4265
405,F1,9736,10140
555,F2,6355,6910
600,F2,25070,25670
182,C2,28123,28305
92,C2,2866,2953
964,C2,49421,50385
246,C2,24607,24853
211,K1,23745,23955
629,K1,18526,19155
149,K2,78288,78437
213,K1,15088,15301
855,K2,58532,59387
295,C2,31721,32016
550,C2,10582,11132
415,C2,50890,51305
535,C2,45075,45610
600,C2,18829,19429
320,C2,58730,59100
386,C2,34670,35253
60,C2,25773,25833
88,C2,3151,3234
207,C2,32850,33057
418,C2,26772,27190
52,C2,52278,52330
317,C2,53383,53700
205,C2,34228,34433
550,C2,60100,60650
894,C2,38723,39617
735,C2,8196,8931
190,C2,13492,13682
894,C2,39617,40511
931,C2,43114,44045
299,C2,29670,29969
166,E1,7355,7522
356,C2,12792,13148
456,C2,5990,6430.39
175,C2,832,1007
261,C2,35545,35806
354,C2,55422,55775
210,C1,14830,15040
660,E2,30700,31360
900,E2,48200,49100
648,E2,19702,20350
600,E2,2689,3289
385,E2,36815,37200
410,E2,34150,34560
530,E2,13800,14330
553,E2,51747,52300
130,E2,17073,17225
575,E1,1700,2275.38
950,E1,63000,63950
415,E1,35800,36215
287,E1,16378,16655
485,E1,3883,4375
769,E2,54946,55700
500,E1,67300,67800
101,E2,4469,4569
362,E1,24934,25300
420,E1,13380,13800
510,E1,49100,49610
438,E1,33712,34150
64,E1,41145,41200
475,F2,10715,11190
385,F2,25670,26055
305,B2,28425,28730
261,B2,28925,29186
297,B2,55310,55607
217,B2,39631,39848
93,B2,2912,3004
425,B2,61375,61800
393,B2,55607,56000
406,B2,54644,55050
183,B2,35046,35229
335,B2,3770,4165
82,B2,44592,44674
528,B2,24996,25524
600,A1,19860,20460
1026,A2,22076,23102
218,A2,4494,4630
749,A1,90466,91215
464,A2,43572,44036
92,A2,7329,7420
503,A2,15724,16227
52,A1,70040,70092
739,A2,68701,69440
280,A2,45030,45310
414,A1,31455,31869
499,A1,71212,71710
1282,A2,48658,49940
600,A2,6540,7140
291,A2,714,1005
171,A2,19560,19732
111,A2,94993,95018.04
997,A2,86020,87017
552,A2,67609,68161
154,D2,10650,10804
149,D1,51545,51694
182,D2,7287,7469
600,D1,42029,42629
326,D1,57704,58030
600,E2,36215,36815
80,E1,2608,2689
553,E1,51747,52300
354,E1,42536,42890
646,E1,4569,5216
468,E2,8372,8840
640,E1,14340,14978
680,E1,61500,62180
820,E1,62180,63000
101,E1,4375,4469
84,E2,7688,7772
835,E1,22010,22845
960,E1,30400,31360
475,E1,39485,39960
487,E2,9220,9707
665,E1,22845,23510
495,E2,875,1370
253,E2,4963,5216
695,E2,49610,50297
240,E1,39960,40200
155,E1,44950,45105
638,E1,26800,27436
774,E2,64949.64,64958.83
560,E2,52736.12,52818
560,E2,52300,52787.5
103,A1,57883,57964
646,A1,20598,21244
461,A1,80891,81352
171,A1,70257,70434
802,A1,84426,85228
52,A1,44378,44430
370,A1,78330,78700
195,A1,8445,8640
390,A1,68655,69045
177,A1,30520,30702
307,A1,18400,18707
91,A1,7236,7329
545,A1,29270,29815
600,A1,80025,80625
227,A1,15450,15677
552,A1,40580,41132
602,A1,62458,63060
400,A1,6140,6540
386,A1,43650,44036
384,D1,23171,23555
261,D2,31309,31570
191,D1,58757,58942
316,D1,9467,9783
1011,D2,22160,23171
1012,D1,54300,55312
154,E2,28484,28640
345,E1,43490,43835
96,E2,3289,3385
270,E2,1370,1640
490,E1,67800,68288
611,E1,505,1116
395,A2,18707,19102
1467,A2,53033,54500
367,A2,39633,40000
109,A2,38798,38907
525,A1,17415,17940
88,A2,56872,56958
520,A1,65340,65860
718,A2,57166,57883
1066,A1,27710,28756
806,A2,92234,93040
634,D1,19275,19909
121,D2,28141,28262
274,D1,58030,58304
224,D1,43076,43300
242,D1,2647,2889
221,D2,51265,51486
412,E1,33300,33712
400,E1,35400,35800
228,E1,8372,8600
900,E1,48200,49100
209,E2,16657,16867
642,E2,11845,12487
64,E2,41171,41224.92
390,E2,6420,6810
101,E2,3486,3587
470,E2,15835,16305
600,E2,66200,66800
890,E2,44200,45090
600,E2,17225,17825
546,E1,52300,52772.93
875,E2,46008.49,46800
875,E2,45900,45976.62
111,E2,41224.92,41250.61
1092,E2,38082.12,38850
197,D2,12666,12863
578,D1,14470,15048
600,D1,51694,52294
405,D1,6902,7307
239,D1,50578,50817
491,D1,33311,33801
295,E2,580,875
680,E2,61500,62180
111,E2,41320,41431
600,E2,5216,5816
60,E2,28640,28699
208,E2,16950,17073
310,E2,66990,67300
600,E2,12487,13087
500,E2,45400,45900
210,E2,65723,65933
600,E2,42890,43490
412,E2,13388,13800
190,E2,66800,66990
101,E2,4368,4469
493,E2,67779.85,67800
493,E2,67300,67772.98
1013,D2,49270,50283
546,E1,24810.15,52808
600,D2,7752,8352
530,F2,41999,42530
672,E1,23510,24182
840,E1,58060,58900
101,E1,3372,3486
547,E2,51200,51747
600,E1,66200,66800
290,E1,15668,15958
240,E1,34560,34800
700,E1,32600,33300
945,E1,40200,41145
153,E1,28331,28486
176,E1,52808,52986
684,E2,27647,28330
1095,E1,45105,46200
435,E1,47200,47635
166,E1,7522,7688
201,E1,304,505
84,E1,7688,7772
600,E1,0,304
236,E2,42300,42536
91,D2,2556,2647
600,D1,36233,36833
516,D1,33801,34318
475,F1,28830,29305
720,F1,23390,24110
1008,F2,15957,16965
434,F1,17800,18234
485,F1,13005,13490
148,F1,5326,5474
55,F2,18834,18888
600,F1,8733,9333
140,F1,53860,53999
412,E2,33300,33712
255,E2,15580,15835
490,E2,67800,68292
835,E2,46800,47635
230,E2,19160,19390
310,E2,45090,45400
380,E2,8840,9220
177,E2,52818,52986
895,E2,50297,51200
354,E2,42536,42890
396,D2,33406,33802
392,D1,15197,15589
905,D2,45086,45991
672,D2,27257,27959
148,F2,5175,5326
1030,F2,28299,29320
441,F2,12659,13100
600,F2,30615,31215
233,F2,8500,8733
400,F1,24110,24510
600,F1,30615,31215
750,F2,33402,34149
203,F2,37926,38129.5
485,F2,32030,32515
178,F1,30162,30287
120,F1,45450,45570
511,F2,19249,19750
470,F1,5474,5945
0,F1,0,295.83
480,F1,10715,11195
475,F1,8000,8475
1231,F1,49190,50422
558,F1,21685,22243
335,F2,26055,26390
125,F2,30465,30615
605,F2,26390,26995
635,F2,19750,20385
670,F2,39070,39739
380,F1,25670,26050
178,F1,30287,30490
175,F2,19062,19249
460,F2,23650,24110
340,F2,24110,24450
203,F2,38129.5,38332
120,F2,24450,24570
240,F1,31560,31800
203,F1,37926,38129
111,F1,37815,37926
169,F1,11662,11833
320,F2,5474,5795
148,F2,5326,5474
360,F1,44282,44641
580,F1,45570,46157
600,F1,44850,45450
894,B1,41609,42503
930,F2,21685,22615
397,B1,55210,55607
112,B2,45965,46077
600,B1,15920,16520
545,F1,34870,35390
560,F1,24510,25070
566,F1,5945,6511
565,F1,3225,3790
700,F1,40950,41650
600,F1,4526,5126
201,F1,53433.88,53659.5
55,F1,18834,18888.71
300,F1,31800,32100
345,F1,990,1335
360,F1,39756,40123
1500,F1,15470,16970
140,F2,53860,54000
600,F2,54000,54600
169,F2,11833,11999
1035,F2,22615,23650
395,F2,42530,42925
624,B1,28176,28800
858,B2,71404.58,71457
741,B2,66125,66886
858,B2,70560,71365.88
508,B1,15414,15920
1195,B1,47600,48500
242,B2,63511,63753
96,B1,35229,35325
1195,B1,51000,52195
718,B2,67607,68325
382,B1,62200,62582
528,F2,52927,53456
175,F2,18888,19062
320,F1,7680,8000
620,F1,52077,52700
630,F1,26780,27410
52,F2,4474,4526
387,F2,1030,1417
120,F2,45450,45570
375,F2,17565,17940
178,F2,30162,30342
199,B2,28226,28425
226,B2,563,789
388,B2,23353,23741
545,B1,4910,5455
293,B2,39848,40141
282,B2,22473,22755
221,B1,300,521
275,B2,2359,2624
414,B2,5355,5769
92,B2,17494.2,17687.4
197,B2,56398,56594
321,B2,5769,6090
343,B2,26180,26523
273,B2,789,1062
311,B1,2098,2409
410,B2,52940,53350
580,B2,17687.4,18268
279,B2,29550,29829
600,B2,27576,28176
803,B2,33618,34421
1250,B2,41253,42503
399,B1,8967.5,9370
362,B1,24996,25357
202,B2,71457,71659
751,B1,39266.54,40006
311,B2,15469,15608.65
420,B2,64400,64820
96,B2,63247.39,63277
786,B1,58704,59500
798,B2,48550,48834
208,B1,56387,56594
355,B1,71404.58,71455
39,B1,45700,45739
600,B1,37611,38211
129,B1,56278.24,56387
802,B1,32816,33618
600,B2,71915,72515
185,B2,39266.54,39440
110,B1,44990,45100
270,B2,25585,25796.14
735,B2,4603.97,4910
369,B1,19566,19935
741,B2,66886,67607
167,E2,2442,2608
350,E1,41850,42200
701,E2,28699,29400
604,E1,54946,55550
565,E2,47635,48200
378,E1,53822,54200
760,E2,57300,58060
990,G2,36919,37909
99,B1,46761,46860
723,B2,68391.7,69041
391,B1,21730,22121
243,B1,2671,2804.16
656,B1,22740,22867.74
587,B1,29550,30137
147,B1,21073,21220
500,B1,7871,8248
185,B2,39250,39261.76
798,B2,48000,48503.81
271,B1,38654,38925
500,B1,26615,27115
155,B1,46860,47015
73,B2,6500,6515.26
740,B1,65385,66125
126,B1,8715,8841
518,A1,7421,7938
987,A1,83439,84426
349,A1,4712,5061
238,A1,15212,15450
936,A1,61523,62458
275,A1,17140,17415
770,A1,64580,65340
600,A1,27110,27710
387,A1,39633,40020
269,A1,5871,6140
600,A1,3835,4435
390,A1,14025,14415
1167,A1,58783,59950
93,B1,2912,3004
52,B2,25524,25585
625,B2,9530,10157
261,B1,4221,4482
600,B2,0,300
582,B2,18268,18850
115,B2,45700,45815
171,B2,29379,29550
638,A2,2228,2866
669,A2,51910,52579
214,A2,93700,93914
605,A2,64145,64750
196,A1,518,714
240,A1,5630,5871
1110,A1,34090,35200
896,A1,87910,88806
716,B1,69045,69757
228,B2,7891.45,7979
894,B2,47112,47966.43
235,A1,45030,45265
843,A1,75800,76643
125,A1,56960,57085
52,A1,94128,94180
600,A1,94180,94780
341,A1,70434,70775
600,A1,44430,45030
213,A1,94780,94993.4
425,A1,79600,80025
460,A1,17940,18400
740,G2,32305,33045
607,G1,61210,61817
491,G1,45952,46441
648,G2,59310,59957
410,G1,53360,53770
245,G1,45707,45952
218,G2,62037,62238
90,G1,46846,46935
703,G2,52050,52753
201,G1,46644,46846
429,G2,40574,41003
90,G2,46845,46935
950,G1,49460,50410
395,G2,33045,33440
436,G1,34541,34977
477,G2,43978,44455
600,G1,62296,62896
151,G1,28377,28526
475,G1,41069,41544
335,G2,43643,43978
295,G2,47535,47838
444,G1,42977,43421
1092,E2,37750,38073.73
976,E2,35935.39,36215
976,E2,35220,35916.47
709,E2,30030.73,30700
709,E2,30000,30039.52
218,G2,61852.08,62037
501,G2,41225,41561.74
902,G2,50917.82,51360
1218,A1,23102,24320
410,A1,71710,72120
290,A1,19100,19390
133,A1,714,847
1085,A1,35200,36285
701,A1,45970,46671
810,A1,74990,75800
450,A1,82255,82705
370,A1,68285,68655
708,A1,2182,2890
364,A1,57520,57883
110,A1,30415,30520
1235,A1,41963,43198
138,A1,20460,20598
97,A1,7140,7236
171,A1,70092,70257
597,A1,31869,32466
600,E1,34800,35400
167,E1,2275.38,2442
130,E1,17098,17225
176,E1,52986,53161
565,E1,47635,48200
420,E1,15958,16378
600,E1,7772,8372
0,G2,28267.96,28377
385,G2,43258,43643
436,G1,49024,49460
899,G2,39675,40574
212,G1,61817,62032
531,G2,28829,29360
800,G1,51360,52160
514,A1,28756,29270
396,A1,69045,69440
656,A1,51923,52579
150,A1,13400,13550
498,A1,38300,38798
893,A1,87017,87910
897,A1,86120,87017
717,A1,37583,38300
167,E2,2275,2442
840,E2,58060,58900
475,E2,39485,39960
526,E2,54420,54946
350,E2,18450,18800
157,E2,27490,27647
850,G2,58010,58860
176,G1,41544,41720
600,G2,46935,47535
235,G2,33440,33675
600,G2,33941,34541
590,G2,53760,54350
380,G2,42483,42863
445,G1,52915,53360
478,G1,31203,31681
443,G2,34541,34984
299,G1,45408,45707
222,G2,41003,41225
158,G2,28377,28516
370,G2,56880,57250
1123,G2,31182,32305
170,G1,53770,53940
767,G2,57572.67,58010
456,G2,45853.25,45860
246,G2,35260,35365.7
212,G2,54559,54575.81
115,G2,63887,63897.88
501,G2,41555.76,41720
285,G2,33675,33895.29
218,G2,61805,61840.67
902,G2,50458,50909.92
246,G2,35389.1,35529
767,G2,57250,57579.49
115,G2,63932.06,64019
456,G2,45398,45846.74
1126,K1,45359,46485
131,K1,27516,27646
210,K1,77216,77426
603,K1,52839,53442
796,K1,38859,39655
289,K2,18873,19162
136,K2,48606,48754
51,K2,48754,48793
136,K2,48470,48606
1031,K2,55790,56821
511,F1,19238.8,19750
279,F2,3225,3504
700,F2,13100,13800
606,K2,65649,66255
111,K2,52618,52730
211,G2,54770,54981
590,G2,49468,50058
657,G1,42320,42977
1232,G1,29360,30592
453,G2,59957,60410
538,G2,44860,45398
276,G2,34984,35260
472,G1,43978,44450
100,G1,64086,64184
488,G2,36431,36919
600,G1,46935,47535
392,G2,48193,48585
244,G1,33697,33941
210,G1,53940,54225
592,G1,32065,32657
851,K1,57681,58532
410,F2,6910,7350
772,F2,9333,10105
219,K1,29586,29805
113,K2,19510,19623
111,K1,52618,52730
217,K1,25381,25598
133,K1,50852,50986
1226,K2,44234,45460
240,K1,29141,29381
212,G1,54560,54770
384,G1,31681,32065
545,G2,35886,36431
748,G1,36919,37667
533,G1,62896,63430
457,G2,63430,63887
566,G2,39109,39675
548,G1,44860,45408
201,G1,46441,46644
635,F1,19750,20385
585,F1,38332,38917
945,F2,48535,49480
59,F1,11999,12059
268,K2,25784,26052
487,K2,76158,76645
110,K2,52730,52839
212,K1,24296,24508
331,K1,40573,40904
318,K2,50530,50841
920,K1,72465,73385
1059,K2,37800,38858
1031,K2,54759,55790
212,K2,24055,24267
816,K2,34510,35326
373,K1,17295,17668
265,K1,17030,17295
283,K2,14753,15038
177,K1,40396,40573
259,K1,28355,28614
600,K1,51843,52443
219,K1,24508,24727
298,K1,29805,30103
51,K1,22258,22309
746,K1,68550,69296
207,K1,23538,23745
261,K2,27126,27388
193,K2,15223,15416
585,K2,17620,18215
816,K1,33693,34509
830,K1,32875,33693
257,K2,24267,24524
133,K1,50986,51118
600,K2,40904,41504
957,K2,57575,58532
521,K1,53835,54356
803,B1,69757,70560
605,B1,64780,65385
255,B1,53345,53600
129,B1,56180,56223.61
605,B1,52195,52800
647,B2,63753,64400
525,B1,24471,24996
1514,B1,57200,58704
307,B1,19259,19566
711,K1,31172,31891
347,K1,16136,16483
1025,K2,45460,46485
108,K2,27639,27755
626,K2,79062,79688
616,K1,79739,80355.19
964,K2,68321,69288
262,K1,15301,15563
585,B1,47015,47600
370,B1,36420,36790
205,B1,44785,44990
600,B1,27576,28176
246,B2,37044.73,37056
314,B1,37122,37436
428,B1,4482,4910
58,B1,1062,1120
426,B2,19259,19685
558,B2,49300,49858
301,B2,40141,40442
359,B2,40894,41253
177,K2,40219,40396
51,K2,79688,79739
114,K1,27273,27405
989,K2,31891,32880
445,B2,4910,5355
177,B2,21123,21300
263,B2,27075,27338
73,B1,3096,3170
260,B2,55050,55310
1042,B2,42503,43545
82,B2,44338,44420
50,B2,28176,28226
133,B2,430,563
350,B2,16520,16870
600,B1,0,300
130,B2,300,430
398,B2,22075,22473
50,B2,21073,21123
185,B2,46761,46946
409,B2,18850,19259
86,B2,44420,44506
633,B2,60740,61375
542,B2,60200,60740
645,B2,35412,36057
50,B2,38211,38261
150,B2,45815,45965
201,B2,37410,37611
284,B2,23069,23353
380,B1,64400,64780
538,B1,19935,20473
96,B2,63182,63250
50,B1,27526,27576
120,B2,73024,73154
530,B1,9370,9902
338,B2,7979,8258
70,B1,6546,6557.78
270,B2,25795,25973
70,B1,6550.22,6608
741,B1,68300,69045
471,B1,8248,8715
751,B1,39250,39261.7
120,B2,72893,73024
411,B1,27115,27526
611,G1,30592,31203
400,G2,50058,50458
450,G2,58860,59310
920,G2,29360,30280
195,G1,61015,61210
55,G1,62240,62296
313,G2,28516,28829
790,K2,70885,71675
298,K2,26828,27126
1064,K2,15966,17030
454,K2,29016,29470
600,K2,19623,20223
151,K2,48944,49095
185,K2,15038,15223
350,B2,9180,9530
175,B2,37056,37231
166,B2,21300,21466
600,B2,3170,3770
600,B1,1205,1805
302,B2,16870,17172
1300,B2,51000,52300
73,B2,3095,3170
546,B1,6000,6546
546,B2,14923,15469
143,B2,1062,1205
266,B1,796,1062
193,B2,29186,29379
403,B2,20070,20473
93,B1,3004,3096
171,A1,44207,44378
600,A1,56272,56872
1015,A1,91215,92234
393,A1,18707,19100
600,A1,29815,30415
831,A1,41132,41963
600,A1,6540,7140
979,A1,92234,93213
600,A1,16540,17140
435,A1,64145,64580
640,A1,26470,27110
126,A1,39507,39633
487,A1,93213,93700
600,A1,12800,13400
193,B1,10757,10950
250,B2,36570,36820
174,B2,6326,6500
81,A1,57085,57166
128,A1,19732,19860
892,A1,85228,86120
600,A1,69440,70040
575,A1,30879,31455
437,A1,70775,71212
168,A1,350,518
171,A2,44036,44207
313,A2,16227,16540
1069,K1,30103,31172
259,K1,28614,28873
100,K2,22158,22258
817,K2,33693,34510
894,K2,61137,62031
790,K2,71675,72465
426,K1,41504,41930
1258,K2,42976,44234
794,K2,39485,40219
51,K1,48742,48793
1125,K1,44234,45359
964,K2,67357,68321
600,K2,51843,52443
1102,K2,66255,67357
600,K2,77688,78288
131,K2,27516,27639
328,K2,18215,18543
915,K2,47555,48470
600,K2,24781,25381
53,K2,77635,77688
292,K2,26238,26530
210,K2,77216,77426
529,K2,42447,42976
138,K2,50981,51118
600,K2,69288,69885
600,K2,27755,28355
155,K2,23900,24055
566,K2,52839,53405
251,K2,21795,22046
0,K2,14529.45,14661
221,K2,25563,25784
633,C1,46632,47265
903,K1,61232.9,62031
136,K1,48606,48742
431,C1,32707,33138
815,C1,38881,39696
292,C1,19985,20277
52,C1,52278,52330
172,C1,15243,15415
671,C1,21121,21792
598,C1,56555,57153
92,C1,2866,2953.4
91,C1,28813,28905
50,A1,300,350
103,A1,57964,58053
214,A1,93700,93914
171,A1,4494,4619
272,A1,14940,15212
873,A1,60650,61523
608,A1,24632,25240
214,A1,93914,94128
875,A1,73350,74225
177,A1,30702,30879
91,A1,7329,7421
111,A1,94993.4,95017.67
271,A1,5413,5630
610,A1,55145,55755
447,A1,79153,79600
593,A1,15677,16270
607,G2,52753,53360
950,G1,50410,51360
600,G2,41720,42320
510,G1,55900,56410
114,G2,64019,64116
600,G1,41720,42320
455,A1,40333.16,43650
1330,A1,9757.1,10833
1288,A1,37061.85,37583
549,A1,7938,8022.48
1288,A1,36285,37052.17
549,A1,7980.12,8445
813,A1,10833,11216.96
160,K1,21430,21590
513,G2,55872,56385
626,G1,40443,41069
742,G2,60410,61152
412,G1,34977,35389
285,G2,33876.36,33941
256,A1,80700.39,80891
744,A1,82705,83255.78
840,A1,51080,51225.18
1266,A1,49895.31,51080
113,A1,38836.07,38907
53,C1,62236,62288
295,C1,18303,18544.24
362,C2,5628,5990
300,C1,53550,53850
276,C1,27039,27315
158,C1,6600,6758
87,C1,59160,59275
501,C1,31721,32222
917,K1,75221,76138
393,K1,53442,53835
136,C1,12792,12928
112,C1,36072,36184
235,C1,26494,26729
191,C1,35597,35788
237,C1,27759,27996
63,C1,36847,36910
187,C1,34670,34857
600,C1,18829,19429
178,C1,35302,35480
785,C1,50385,51170
230,C1,4651,4881
455,C1,30758,31213
266,C1,24736,25002
255,C1,28302,28557
308,C1,5225,5533
138,C1,14694,14830
657,C1,54550,55207
310,C1,5853,6163
327,C1,964,1291
198,C1,29720,29918
600,C1,6817,7417
425,C1,3626,4051
1328,C1,48456,49611.62
225,C1,0,225
81,C1,14475,14556
150,K1,50220,50374
136,K1,48470,48606
813,K2,32880,33693
634,C2,42480,43114
151,C2,57155.34,57303
552,C1,57608,58160
417,C2,7779,8196
225,C1,59275,59500
616,C1,52930,53290.65
815,C1,39696,40511
826,C1,9481,10307
171,C2,52112,52278
299,C1,18009,18303
963,C2,11132,12095
503,A1,25620.71,25700
623,A1,12180,12737.18
730,A1,33370,33674.35
438,A2,80700.39,81073
471,A1,58038,58783
503,A1,25240,25664.58
349,A1,3180,3425.13
790,A1,21244,21989.02
730,A1,33664.62,34090
503,A1,55755,56169.32
349,A1,3382.14,3486
342,A1,55122.66,55145
525,K1,65124,65649
600,C1,4051,4651
182,C1,46450,46632
655,C2,30622,31277
254,C1,20867,21121
135,C1,35937,36072
240,C2,45610,45850
328,C1,13304,13632
600,C1,33138,33738
726,C1,24010,24736
93,C2,3055,3151
92,C1,2769,2866
455,C2,56686,57141
227,C1,17782,18009
178,C2,654,832
586,C2,54375,54961
600,C2,4051,4651
175,K1,52443,52618
531,K1,42447,42978
248,K1,15563,15811
375,C1,2953.4,3333
408,C1,42480,42888
158,C1,38723,38881
91,C1,18586,18678
600,C2,0,225
171,C1,33738,33909
423,C2,57812,58235
479,C1,7684,8163
254,C1,1291,1545
203,C1,61700.76,62038
266,C1,37929,38195
242,C1,20277,20519
61,C1,26433,26494
376,C1,12928,13304
117,C1,35480,35597
247,C1,15693,15940
310,C1,60940,61250
149,C1,35788,35937
264,C1,30098,30362
600,C1,36247,36847
87,C1,59100,59160
247,C2,29969,30216
482,C1,17300,17782
430,C1,60510,60940
337,C1,25234,25538.92
168,C1,796,964
485,C1,32222,32707
59,C1,6758,6817
291,C1,37638,37929
59,C1,18770,18829
248,C1,27315,27563
337,C1,34333,34670
184,C2,15231,15415
296,C2,24853,25149
392,C2,3234,3631
548,C1,8931,9434.57
112,C2,36910,37022
112,C2,36072,36184
158,C2,6600,6757
322,C2,51613,51935
353,C2,5010,5363
53,C2,62236,62288
605,B1,56594,57200
139,B2,56278.24,56398
96,B1,63182,63277
92,B1,17494,17596
693,B1,67607,68300
600,B2,62582,63182
171,A2,70257,70434
600,A2,69440,70040
820,A2,74170,74990
1140,A2,49940,51080
97,A2,7140,7237
895,A2,87017,87912
600,A2,38907,39507
255,A2,27710,27965
171,A2,70092,70257
600,C2,29070,29670
138,C1,14556,14694
525,C1,53850,54375
569,C2,46706,47275
890,C1,44045,44935
191,C1,37156,37348
92,C2,2768,2866
293,C1,19692,19985
144,C2,24463,24607
167,C1,393,560
825,C1,10307,11132
495,C2,58235,58730
306,C1,27996,28302
410,C1,60100,60510
196,C1,27563,27759
991,B2,31171,32162
513,B2,36057,36570
600,B2,1205,1805
239,B2,26836,27075
183,B2,35229,35412
262,B1,2409,2671
86,B2,44506,44592
600,B1,6608,7208
385,B2,19685,20070
451,B1,3770,4221
1255,B2,23741,24996
236,B2,6090,6326
1514,B2,57200,58704
250,B2,39000,39250
605,B2,56594,57200
797,C1,11995,12792
203,C1,15040,15243
510,B1,61100,61610
456,B2,48834,49300
313,B2,26523,26836
236,B1,63277,63511
253,B2,38747,39000
370,B1,28800,29170
803,B1,33618,34421
341,B1,36790,37055.05
162,B2,25973,26180
206,B1,25357,25564
159,B2,38261,38420
600,B1,45100,45700
534,B1,18725,19259
749,B2,65385,65917.46
202,B1,71455,71659
1195,B1,48550,48844
723,B2,68325,68399.19
600,B2,54044,54644
195,B2,28730,28925
452,B2,40442,40894
443,B2,7258,7701
238,B2,27338,27576
50,B2,7208,7258
204,B2,56000,56204
600,B2,6608,7208
243,B2,29829,30072
600,B2,20473,21073
308,B2,44030,44338
600,A2,13400,14000
146,A2,5485,5631
1235,A2,82204,83439
1016,A2,36285,37301
403,A2,25297,25700
700,A2,59950,60650
999,A2,46671,47670
830,A1,77500,78330
600,A1,63545,64145
170,A1,26300,26470
600,A1,38907,39507
455,A1,81800,82255
290,A1,2890,3180
151,A1,81649,81800
1000,K2,69885,70885
51,K1,79701.07,79739
376,K1,54356,54712.12
1266,K1,43498.98,44234
600,K1,19609,19635.92
224,K1,26051.88,26249
625,D2,34200,34828
60,D2,52299,52359
482,D2,18763,19245
122,D2,1214,1336
410,D1,10394,10804
430,D1,17880,18310
600,D2,5996,6596
991,D2,55978,56969
722,D2,15145,15867
327,B2,38420,38747
1486,B2,58704,60200
394,B2,53650,54044
361,B2,30072,30433
207,B2,8972.5,9180
244,B2,1805,2049
625,B2,34421,35046
485,B2,43545,44030
191,B2,39440,39631
600,B2,45100,45700
85,B1,1120,1205
600,B2,10157,10757
483,A1,63060,63545
600,A1,25700,26300
765,A1,74225,74990
475,A1,13550,14025
1026,A1,22076,23102
165,A2,29650,29815
836,A1,89630,90466
803,A2,14640,15443
420,A2,88806,89226
720,A2,66465,67185
790,A2,33300,34090
365,A2,21118,21458
662,A2,55610,56272
239,A2,3144,3383
346,A2,46325,46671
625,A2,77705,78330
915,A2,17140,18055
110,A2,30415,30525
345,B2,21730,22075
341,B1,37044.69,37122
665,K1,66708,67373
248,K2,20830,21078
297,K2,20223,20520
894,K2,60243,61137
1064,K2,30103,31167
310,K2,20520,20830
702,K2,49522,50220
147,K2,15416,15563
320,C1,5533,5818.2
159,C2,6430.39,6442.06
586,C1,38195,38591.7
495,C2,47717.4,47761
444,C2,31277,31400.57
348,C1,20702.76,20867
117,C1,25538.92,25571.04
428,C1,58160,58332.72
180,C1,13632,13727.49
971,C1,40914.87,41501
450,C2,53294,53383
631,C1,47265,47734.63
316,C2,56375,56441.55
159,C1,6430.39,6600
275,C1,34857,35122.65
178,C1,1545,1586.57
508,C1,31213,31379.16
600,D2,20546,21146
68,D1,8352,8420
375,D1,0,375
600,D1,13507,14107
600,D1,1336,1936
493,D1,35800,36233
219,D2,9467,9686
226,D1,29560,29786
447,D1,58304,58757
600,D1,5996,6596
246,D1,41585,41831
727,D1,24247,24974
451,D1,56518,56969
421,D1,4916,5337
152,D1,14318,14470
463,D1,2889,3352
234,D1,30547,30781
600,C1,59500,60100
600,C1,52330,52930
863,C1,11132,11995
112,C1,36910,37022
320,D1,16476,16796
156,D2,4486,4642
295,D1,50283,50578
600,D1,31570,32170
408,D2,37047,37455
171,D1,41414,41585
638,D1,8829,9467
600,D1,16796,17396
1039,D2,28521,29560
672,D1,27287,27959
600,D2,51699,52299
465,D2,4642,5107
59,A2,4435,4494
52,A2,44378,44430
1142,A1,48658,49800
857,A1,76643,77500
834,A2,32466,33300
1063,A2,75580,76643
533,A1,11647,12180
354,A1,57166,57520
409,A2,42697,43106
703,A1,47996.31,48658
259,A2,58053,58075
1053,A1,53524.47,53626
564,A1,40020,40337.98
840,A1,51227.81,51923
440,A1,8640,8845.55
445,D2,18318,18763
359,D1,12666,13025
584,D1,43750,44334
452,D2,11404,11856
115,D1,28262,28377
149,D1,15048,15197
305,D1,56969,57274
178,D1,32352,32530
195,D2,53110,53305
370,D1,40450,40820
246,D2,20300,20546
602,A2,11798,12400
600,A2,19860,20460
738,A1,1444,2182
482,D1,13025,13507
116,D1,7586,7702
132,D1,28526,28658
218,D2,59126,59350
600,C1,45850,46450
600,C1,13875,14475
600,C1,2050,2650
600,C1,55775,56375
675,C1,44935,45610
505,C1,58595,59100
201,D1,50082,50283
136,D2,52974,53110
198,D1,41831,42029
172,D1,712,884
267,D1,9783,10050
188,D1,884,1072
241,D2,563,801
486,D1,22086,22582
694,D1,37700,38394
191,D2,9276,9467
275,D1,1936,2211
716,D1,21146,21862
232,D1,50817,51049
625,D2,43709,44334
182,D1,32170,32352
105,D1,8724,8829
625,D2,40806,41431
1345,D1,45990,47335
429,D1,57274,57704
224,D1,21862,22086
188,D2,6596,6789
600,D2,16796,17396
185,D1,375,563
490,D1,35310,35800
435,D2,50283,50718
453,D1,18310,18763
186,D2,7156.66,7287
240,D1,51305,51545
666,D2,55312,55978
216,D2,32780,32996
600,D1,3352,3952
1443,D1,48257,49700
423,D2,1936,2359
422,D1,40820,41242
1078,D2,25000,26078
328,D2,4158,4486
241,D1,31329,31570
512,D1,18763,19275
1043,D2,57708,58745
267,D1,30781,31048
92,D1,2464,2556
0,D1,60009,60858
152,D1,8420,8572
1039,D2,45991,47030
425,D1,4491,4916
1026,D1,24974,26000
59,D2,14107,14166
379,D1,16097,16476
580,C1,55207,55719.23
135,C1,37022,37156
175,C1,54375,54550
168,C1,225,393
91,D2,27959,28050
91,D1,2556,2647
511,D1,11404,11915
922,D1,47335,48257
115,D2,28262,28377
93,D1,1243,1336
307,D1,6596,6902
357,D2,14788,15145
600,D1,7752,8352
152,D1,563,712
201,D2,8724,8925
508,D1,15589,16097
180,D2,1034,1214
197,D2,35668,35865
253,D1,2211,2464
191,D1,42688,42871
279,D1,7307,7586
73,C1,28996,29070
203,C1,62038,62236
213,D2,51486,51699
293,C1,3333,3626
152,D2,14318,14470
138,D2,36094,36233
270,D2,50995,51265
624,D2,17396,18000
152,D2,8572,8724
859,D2,39947,40806
144,D2,28377,28521
300,D2,15867,16167
228,D2,37902,38130
198,D2,52359,52557
547,D2,19245,19792
156,D2,5363,5519
196,D2,9686,9882
739,D2,56969,57708
229,D2,53305,53629
600,D2,1336,1936
427,D2,21146,21573
600,D2,10804,11404
639,D2,43070,43709
600,D2,59350,59950
237,D2,5759,5996
600,D2,13507,14107
358,D2,35310,35668
159,D2,12507,12666
211,D2,33195,33406
91,D2,28050,28141
186,D2,14602,14788
51,D1,42629,42688
323,D2,9882,10205
377,D1,52816,53193
600,D2,42029,42629
330,D1,34980,35310
414,D1,11915,12329
59,D2,59950,60009
227,D1,32530,32757
685,D2,53528.88,54214
50,D1,7702,7752
191,D2,58942,59126
152,D2,8420,8572
256,D1,51049,51305
367,D1,36833,37200
600,B1,3170,3770
600,B2,37611,38211
545,B1,5455,6000
738,B2,30433,31171
545,B1,7208,7753
654,B2,32162,32816
275,B1,521,796
310,B2,2049,2359
253,B2,10757,11001
293,B1,1805,2098
300,B2,53350,53650
640,B2,52300,52940
1142,B2,49858,51000
264,B2,21466,21730
179,B2,37231,37410
126.5,B2,8846,8972.5
332,B2,17172,17494.2
600,B2,15920,16520
214,D2,36833,37047
802,B2,32816,33618
157,B2,46946,47112
426,B2,44674,45100
894,B2,47969.77,48000
350,B1,54620,54970
95,B1,35134,35229
205,B1,44025,44231
201,B1,71659,71861
598,B1,17687,18286
1034,B1,30137,31171
404,B1,16520,16924
600,B1,54020,54620
119,B2,72763,72893
684,B1,46077,46761
340,B1,60760,61100
325,B1,38925,39250
619,B1,22121,22740
0,B2,3004,3095
558,B1,49300,49858
573,B1,55607,56180
623,B1,34421,35044
248,B2,72515,72763
240,B1,25564,25804
360,B1,61840,62200
439,B1,18286,18725
73,B2,6550.22,6608
230,B1,61610,61840
447,D2,37455,37902
404,D2,23171,23555
172,D1,41242,41414